transaction_id,date,customer_id,customer_name,customer_type,product,category,quantity,unit_cost,unit_price,revenue,total_cost,profit,profit_margin_pct,month,quarter,year
1,2026-06-13,C001,Retail Contractor,Contractor,Iron Rod 12mm,Steel,9,7200,9300.0,83700.0,64800,18900.0,22.58,2026-06,Q2,2026
2,2026-02-27,C002,BuildRight Ltd,Construction Company,Iron Rod 16mm,Steel,36,11500,14356.0,516816.0,414000,102816.0,19.89,2026-02,Q1,2026
3,2026-04-19,C001,Retail Contractor,Contractor,Cement 50kg,Cement,3,9800,12500.0,37500.0,29400,8100.0,21.6,2026-04,Q2,2026
4,2026-03-01,C010,Community Project,Institution,PVC Pipe 1in,Plumbing,1,3200,4365.0,4365.0,3200,1165.0,26.69,2026-03,Q1,2026
5,2026-02-20,C007,Greenfield Homes,Real Estate,PVC Pipe 1in,Plumbing,40,3200,4365.0,174600.0,128000,46600.0,26.69,2026-02,Q1,2026
6,2026-03-13,C003,Home Builder,Individual,Cement 50kg,Cement,14,9800,12500.0,175000.0,137200,37800.0,21.6,2026-03,Q1,2026
7,2026-03-13,C004,Prime Estates,Real Estate,Iron Rod 16mm,Steel,22,11500,14800.0,325600.0,253000,72600.0,22.3,2026-03,Q1,2026
8,2026-04-08,C006,Ifeanyi & Sons,Retail,Iron Rod 12mm,Steel,12,7200,9021.0,108252.0,86400,21852.0,20.19,2026-04,Q2,2026
9,2026-03-09,C008,Walk-in Customer,Individual,Cement 50kg,Cement,18,9800,12500.0,225000.0,176400,48600.0,21.6,2026-03,Q1,2026
10,2026-04-07,C009,West End Builders,Construction Company,Iron Rod 12mm,Steel,40,7200,9021.0,360840.0,288000,72840.0,20.19,2026-04,Q2,2026
11,2026-02-19,C001,Retail Contractor,Contractor,Iron Rod 12mm,Steel,8,7200,9300.0,74400.0,57600,16800.0,22.58,2026-02,Q1,2026
12,2026-01-21,C002,BuildRight Ltd,Construction Company,Sharp Sand,Aggregates,52,180000,220500.0,11466000.0,9360000,2106000.0,18.37,2026-01,Q1,2026
13,2026-06-12,C003,Home Builder,Individual,Concrete Blocks 6in,Blocks,12,550,750.0,9000.0,6600,2400.0,26.67,2026-06,Q2,2026
14,2026-02-23,C002,BuildRight Ltd,Construction Company,Granite 20 Tons,Aggregates,60,260000,315250.0,18915000.0,15600000,3315000.0,17.53,2026-02,Q1,2026
15,2026-07-06,C003,Home Builder,Individual,Sharp Sand,Aggregates,15,180000,220500.0,3307500.0,2700000,607500.0,18.37,2026-07,Q3,2026
16,2026-03-11,C004,Prime Estates,Real Estate,PVC Pipe 1in,Plumbing,22,3200,4500.0,99000.0,70400,28600.0,28.89,2026-03,Q1,2026
17,2026-07-30,C006,Ifeanyi & Sons,Retail,Cement 50kg,Cement,13,9800,12500.0,162500.0,127400,35100.0,21.6,2026-07,Q3,2026
18,2026-01-17,C010,Community Project,Institution,Sharp Sand,Aggregates,11,180000,225000.0,2475000.0,1980000,495000.0,20.0,2026-01,Q1,2026
19,2026-06-17,C007,Greenfield Homes,Real Estate,Roofing Sheet,Roofing,45,6800,8900.0,400500.0,306000,94500.0,23.6,2026-06,Q2,2026
20,2026-02-05,C009,West End Builders,Construction Company,Sharp Sand,Aggregates,72,180000,213750.0,15390000.0,12960000,2430000.0,15.79,2026-02,Q1,2026
21,2026-05-30,C010,Community Project,Institution,Concrete Blocks 9in,Blocks,13,700,950.0,12350.0,9100,3250.0,26.32,2026-05,Q2,2026
22,2026-02-26,C009,West End Builders,Construction Company,Iron Rod 16mm,Steel,32,11500,14800.0,473600.0,368000,105600.0,22.3,2026-02,Q1,2026
23,2026-01-29,C003,Home Builder,Individual,Iron Rod 16mm,Steel,14,11500,14356.0,200984.0,161000,39984.0,19.89,2026-01,Q1,2026
24,2026-01-17,C007,Greenfield Homes,Real Estate,Concrete Blocks 9in,Blocks,100,700,921.5,92150.0,70000,22150.0,24.04,2026-01,Q1,2026
25,2026-03-06,C001,Retail Contractor,Contractor,PVC Pipe 1in,Plumbing,4,3200,4275.0,17100.0,12800,4300.0,25.15,2026-03,Q1,2026
26,2026-05-18,C006,Ifeanyi & Sons,Retail,Granite 20 Tons,Aggregates,4,260000,325000.0,1300000.0,1040000,260000.0,20.0,2026-05,Q2,2026
27,2026-04-22,C008,Walk-in Customer,Individual,Iron Rod 16mm,Steel,1,11500,14060.0,14060.0,11500,2560.0,18.21,2026-04,Q2,2026
28,2026-07-04,C009,West End Builders,Construction Company,Granite 20 Tons,Aggregates,12,260000,308750.0,3705000.0,3120000,585000.0,15.79,2026-07,Q3,2026
29,2026-03-18,C010,Community Project,Institution,PVC Pipe 1in,Plumbing,7,3200,4500.0,31500.0,22400,9100.0,28.89,2026-03,Q1,2026
30,2026-04-06,C009,West End Builders,Construction Company,Iron Rod 16mm,Steel,34,11500,14356.0,488104.0,391000,97104.0,19.89,2026-04,Q2,2026
31,2026-03-24,C001,Retail Contractor,Contractor,Roofing Sheet,Roofing,4,6800,8900.0,35600.0,27200,8400.0,23.6,2026-03,Q1,2026
32,2026-07-26,C004,Prime Estates,Real Estate,Granite 20 Tons,Aggregates,6,260000,315250.0,1891500.0,1560000,331500.0,17.53,2026-07,Q3,2026
33,2026-01-21,C008,Walk-in Customer,Individual,Iron Rod 12mm,Steel,3,7200,9021.0,27063.0,21600,5463.0,20.19,2026-01,Q1,2026
34,2026-07-16,C003,Home Builder,Individual,Iron Rod 16mm,Steel,16,11500,14356.0,229696.0,184000,45696.0,19.89,2026-07,Q3,2026
35,2026-02-12,C009,West End Builders,Construction Company,Granite 20 Tons,Aggregates,100,260000,325000.0,32500000.0,26000000,6500000.0,20.0,2026-02,Q1,2026
36,2026-05-19,C005,Local Contractor,Contractor,Sharp Sand,Aggregates,13,180000,213750.0,2778750.0,2340000,438750.0,15.79,2026-05,Q2,2026
37,2026-06-16,C008,Walk-in Customer,Individual,Concrete Blocks 6in,Blocks,17,550,735.0,12495.0,9350,3145.0,25.17,2026-06,Q2,2026
38,2026-01-31,C004,Prime Estates,Real Estate,Sharp Sand,Aggregates,12,180000,225000.0,2700000.0,2160000,540000.0,20.0,2026-01,Q1,2026
39,2026-05-31,C004,Prime Estates,Real Estate,PVC Pipe 1in,Plumbing,57,3200,4500.0,256500.0,182400,74100.0,28.89,2026-05,Q2,2026
40,2026-01-19,C004,Prime Estates,Real Estate,Cement 50kg,Cement,6,9800,12500.0,75000.0,58800,16200.0,21.6,2026-01,Q1,2026
41,2026-01-19,C004,Prime Estates,Real Estate,PVC Pipe 1in,Plumbing,45,3200,4500.0,202500.0,144000,58500.0,28.89,2026-01,Q1,2026
42,2026-05-19,C010,Community Project,Institution,Iron Rod 16mm,Steel,19,11500,14504.0,275576.0,218500,57076.0,20.71,2026-05,Q2,2026
43,2026-03-04,C007,Greenfield Homes,Real Estate,Roofing Sheet,Roofing,14,6800,8900.0,124600.0,95200,29400.0,23.6,2026-03,Q1,2026
44,2026-06-18,C006,Ifeanyi & Sons,Retail,Concrete Blocks 9in,Blocks,14,700,931.0,13034.0,9800,3234.0,24.81,2026-06,Q2,2026
45,2026-04-30,C002,BuildRight Ltd,Construction Company,Cement 50kg,Cement,10,9800,11875.0,118750.0,98000,20750.0,17.47,2026-04,Q2,2026
46,2026-03-28,C004,Prime Estates,Real Estate,Iron Rod 12mm,Steel,21,7200,9021.0,189441.0,151200,38241.0,20.19,2026-03,Q1,2026
47,2026-04-25,C007,Greenfield Homes,Real Estate,Iron Rod 16mm,Steel,24,11500,14504.0,348096.0,276000,72096.0,20.71,2026-04,Q2,2026
48,2026-03-05,C008,Walk-in Customer,Individual,Iron Rod 12mm,Steel,18,7200,9300.0,167400.0,129600,37800.0,22.58,2026-03,Q1,2026
49,2026-01-13,C001,Retail Contractor,Contractor,PVC Pipe 1in,Plumbing,3,3200,4500.0,13500.0,9600,3900.0,28.89,2026-01,Q1,2026
50,2026-02-12,C008,Walk-in Customer,Individual,Concrete Blocks 9in,Blocks,16,700,950.0,15200.0,11200,4000.0,26.32,2026-02,Q1,2026
51,2026-04-13,C003,Home Builder,Individual,Cement 50kg,Cement,13,9800,12500.0,162500.0,127400,35100.0,21.6,2026-04,Q2,2026
52,2026-04-10,C008,Walk-in Customer,Individual,Granite 20 Tons,Aggregates,10,260000,318500.0,3185000.0,2600000,585000.0,18.37,2026-04,Q2,2026
53,2026-06-28,C008,Walk-in Customer,Individual,PVC Pipe 1in,Plumbing,5,3200,4500.0,22500.0,16000,6500.0,28.89,2026-06,Q2,2026
54,2026-03-17,C001,Retail Contractor,Contractor,Sharp Sand,Aggregates,19,180000,213750.0,4061250.0,3420000,641250.0,15.79,2026-03,Q1,2026
55,2026-05-19,C006,Ifeanyi & Sons,Retail,Cement 50kg,Cement,2,9800,12500.0,25000.0,19600,5400.0,21.6,2026-05,Q2,2026
56,2026-05-30,C009,West End Builders,Construction Company,Roofing Sheet,Roofing,51,6800,8900.0,453900.0,346800,107100.0,23.6,2026-05,Q2,2026
57,2026-05-11,C003,Home Builder,Individual,Iron Rod 12mm,Steel,3,7200,9021.0,27063.0,21600,5463.0,20.19,2026-05,Q2,2026
58,2026-01-18,C007,Greenfield Homes,Real Estate,Sharp Sand,Aggregates,12,180000,218250.0,2619000.0,2160000,459000.0,17.53,2026-01,Q1,2026
59,2026-06-02,C010,Community Project,Institution,Cement 50kg,Cement,3,9800,12250.0,36750.0,29400,7350.0,20.0,2026-06,Q2,2026
60,2026-06-18,C010,Community Project,Institution,PVC Pipe 2in,Plumbing,17,5900,7800.0,132600.0,100300,32300.0,24.36,2026-06,Q2,2026
61,2026-03-08,C006,Ifeanyi & Sons,Retail,Sharp Sand,Aggregates,8,180000,225000.0,1800000.0,1440000,360000.0,20.0,2026-03,Q1,2026
62,2026-04-12,C005,Local Contractor,Contractor,Iron Rod 16mm,Steel,15,11500,14800.0,222000.0,172500,49500.0,22.3,2026-04,Q2,2026
63,2026-07-12,C001,Retail Contractor,Contractor,Iron Rod 12mm,Steel,15,7200,9021.0,135315.0,108000,27315.0,20.19,2026-07,Q3,2026
64,2026-05-25,C002,BuildRight Ltd,Construction Company,Iron Rod 12mm,Steel,54,7200,9021.0,487134.0,388800,98334.0,20.19,2026-05,Q2,2026
65,2026-03-09,C006,Ifeanyi & Sons,Retail,Iron Rod 16mm,Steel,3,11500,14800.0,44400.0,34500,9900.0,22.3,2026-03,Q1,2026
66,2026-04-05,C003,Home Builder,Individual,Granite 20 Tons,Aggregates,15,260000,315250.0,4728750.0,3900000,828750.0,17.53,2026-04,Q2,2026
67,2026-06-30,C010,Community Project,Institution,Granite 20 Tons,Aggregates,17,260000,325000.0,5525000.0,4420000,1105000.0,20.0,2026-06,Q2,2026
68,2026-06-20,C005,Local Contractor,Contractor,PVC Pipe 1in,Plumbing,4,3200,4500.0,18000.0,12800,5200.0,28.89,2026-06,Q2,2026
69,2026-03-09,C002,BuildRight Ltd,Construction Company,Iron Rod 12mm,Steel,54,7200,9300.0,502200.0,388800,113400.0,22.58,2026-03,Q1,2026
70,2026-03-14,C004,Prime Estates,Real Estate,PVC Pipe 2in,Plumbing,33,5900,7410.0,244530.0,194700,49830.0,20.38,2026-03,Q1,2026
71,2026-06-12,C009,West End Builders,Construction Company,Granite 20 Tons,Aggregates,64,260000,325000.0,20800000.0,16640000,4160000.0,20.0,2026-06,Q2,2026
72,2026-01-24,C005,Local Contractor,Contractor,Concrete Blocks 9in,Blocks,2,700,950.0,1900.0,1400,500.0,26.32,2026-01,Q1,2026
73,2026-03-27,C005,Local Contractor,Contractor,Iron Rod 16mm,Steel,6,11500,14060.0,84360.0,69000,15360.0,18.21,2026-03,Q1,2026
74,2026-04-24,C007,Greenfield Homes,Real Estate,PVC Pipe 1in,Plumbing,36,3200,4500.0,162000.0,115200,46800.0,28.89,2026-04,Q2,2026
75,2026-01-20,C009,West End Builders,Construction Company,Iron Rod 16mm,Steel,8,11500,14356.0,114848.0,92000,22848.0,19.89,2026-01,Q1,2026
76,2026-05-22,C007,Greenfield Homes,Real Estate,Iron Rod 16mm,Steel,10,11500,14800.0,148000.0,115000,33000.0,22.3,2026-05,Q2,2026
77,2026-04-04,C006,Ifeanyi & Sons,Retail,Cement 50kg,Cement,7,9800,11875.0,83125.0,68600,14525.0,17.47,2026-04,Q2,2026
78,2026-03-05,C006,Ifeanyi & Sons,Retail,Iron Rod 12mm,Steel,18,7200,9114.0,164052.0,129600,34452.0,21.0,2026-03,Q1,2026
79,2026-06-08,C004,Prime Estates,Real Estate,Iron Rod 16mm,Steel,18,11500,14504.0,261072.0,207000,54072.0,20.71,2026-06,Q2,2026
80,2026-01-07,C006,Ifeanyi & Sons,Retail,Iron Rod 16mm,Steel,14,11500,14060.0,196840.0,161000,35840.0,18.21,2026-01,Q1,2026
81,2026-07-08,C005,Local Contractor,Contractor,Sharp Sand,Aggregates,6,180000,213750.0,1282500.0,1080000,202500.0,15.79,2026-07,Q3,2026
82,2026-01-28,C001,Retail Contractor,Contractor,Concrete Blocks 9in,Blocks,16,700,950.0,15200.0,11200,4000.0,26.32,2026-01,Q1,2026
83,2026-02-21,C006,Ifeanyi & Sons,Retail,Roofing Sheet,Roofing,10,6800,8900.0,89000.0,68000,21000.0,23.6,2026-02,Q1,2026
84,2026-02-27,C004,Prime Estates,Real Estate,Cement 50kg,Cement,52,9800,12500.0,650000.0,509600,140400.0,21.6,2026-02,Q1,2026
85,2026-01-18,C006,Ifeanyi & Sons,Retail,Granite 20 Tons,Aggregates,17,260000,318500.0,5414500.0,4420000,994500.0,18.37,2026-01,Q1,2026
86,2026-06-23,C006,Ifeanyi & Sons,Retail,PVC Pipe 1in,Plumbing,1,3200,4500.0,4500.0,3200,1300.0,28.89,2026-06,Q2,2026
87,2026-03-08,C010,Community Project,Institution,Iron Rod 16mm,Steel,9,11500,14800.0,133200.0,103500,29700.0,22.3,2026-03,Q1,2026
88,2026-01-28,C007,Greenfield Homes,Real Estate,PVC Pipe 2in,Plumbing,48,5900,7644.0,366912.0,283200,83712.0,22.82,2026-01,Q1,2026
89,2026-06-05,C002,BuildRight Ltd,Construction Company,PVC Pipe 1in,Plumbing,39,3200,4500.0,175500.0,124800,50700.0,28.89,2026-06,Q2,2026
90,2026-01-12,C001,Retail Contractor,Contractor,Concrete Blocks 9in,Blocks,17,700,921.5,15665.5,11900,3765.5,24.04,2026-01,Q1,2026
91,2026-06-25,C006,Ifeanyi & Sons,Retail,Sharp Sand,Aggregates,14,180000,225000.0,3150000.0,2520000,630000.0,20.0,2026-06,Q2,2026
92,2026-06-20,C010,Community Project,Institution,Concrete Blocks 6in,Blocks,11,550,712.5,7837.5,6050,1787.5,22.81,2026-06,Q2,2026
93,2026-02-01,C009,West End Builders,Construction Company,Granite 20 Tons,Aggregates,50,260000,325000.0,16250000.0,13000000,3250000.0,20.0,2026-02,Q1,2026
94,2026-04-14,C009,West End Builders,Construction Company,Granite 20 Tons,Aggregates,15,260000,318500.0,4777500.0,3900000,877500.0,18.37,2026-04,Q2,2026
95,2026-06-20,C003,Home Builder,Individual,Concrete Blocks 9in,Blocks,20,700,921.5,18430.0,14000,4430.0,24.04,2026-06,Q2,2026
96,2026-03-19,C009,West End Builders,Construction Company,Concrete Blocks 9in,Blocks,4,700,950.0,3800.0,2800,1000.0,26.32,2026-03,Q1,2026
97,2026-02-23,C010,Community Project,Institution,Concrete Blocks 9in,Blocks,20,700,902.5,18050.0,14000,4050.0,22.44,2026-02,Q1,2026
98,2026-03-24,C008,Walk-in Customer,Individual,Roofing Sheet,Roofing,15,6800,8455.0,126825.0,102000,24825.0,19.57,2026-03,Q1,2026
99,2026-02-24,C008,Walk-in Customer,Individual,PVC Pipe 1in,Plumbing,6,3200,4275.0,25650.0,19200,6450.0,25.15,2026-02,Q1,2026
100,2026-01-22,C009,West End Builders,Construction Company,Granite 20 Tons,Aggregates,80,260000,325000.0,26000000.0,20800000,5200000.0,20.0,2026-01,Q1,2026
101,2026-07-29,C005,Local Contractor,Contractor,Sharp Sand,Aggregates,8,180000,225000.0,1800000.0,1440000,360000.0,20.0,2026-07,Q3,2026
102,2026-02-07,C001,Retail Contractor,Contractor,Cement 50kg,Cement,8,9800,12250.0,98000.0,78400,19600.0,20.0,2026-02,Q1,2026
103,2026-06-06,C008,Walk-in Customer,Individual,Iron Rod 12mm,Steel,14,7200,8835.0,123690.0,100800,22890.0,18.51,2026-06,Q2,2026
104,2026-05-28,C007,Greenfield Homes,Real Estate,Sharp Sand,Aggregates,80,180000,225000.0,18000000.0,14400000,3600000.0,20.0,2026-05,Q2,2026
105,2026-02-07,C002,BuildRight Ltd,Construction Company,Cement 50kg,Cement,42,9800,12500.0,525000.0,411600,113400.0,21.6,2026-02,Q1,2026
106,2026-07-25,C008,Walk-in Customer,Individual,PVC Pipe 1in,Plumbing,2,3200,4365.0,8730.0,6400,2330.0,26.69,2026-07,Q3,2026
107,2026-03-05,C008,Walk-in Customer,Individual,Iron Rod 12mm,Steel,5,7200,9114.0,45570.0,36000,9570.0,21.0,2026-03,Q1,2026
108,2026-06-20,C009,West End Builders,Construction Company,PVC Pipe 1in,Plumbing,80,3200,4410.0,352800.0,256000,96800.0,27.44,2026-06,Q2,2026
109,2026-06-06,C007,Greenfield Homes,Real Estate,PVC Pipe 1in,Plumbing,90,3200,4500.0,405000.0,288000,117000.0,28.89,2026-06,Q2,2026
110,2026-07-10,C008,Walk-in Customer,Individual,Roofing Sheet,Roofing,9,6800,8900.0,80100.0,61200,18900.0,23.6,2026-07,Q3,2026
111,2026-06-13,C009,West End Builders,Construction Company,Granite 20 Tons,Aggregates,48,260000,325000.0,15600000.0,12480000,3120000.0,20.0,2026-06,Q2,2026
112,2026-04-23,C005,Local Contractor,Contractor,Iron Rod 12mm,Steel,8,7200,9300.0,74400.0,57600,16800.0,22.58,2026-04,Q2,2026
113,2026-03-27,C009,West End Builders,Construction Company,Concrete Blocks 6in,Blocks,9,550,750.0,6750.0,4950,1800.0,26.67,2026-03,Q1,2026
114,2026-03-01,C003,Home Builder,Individual,Concrete Blocks 9in,Blocks,7,700,950.0,6650.0,4900,1750.0,26.32,2026-03,Q1,2026
115,2026-04-17,C006,Ifeanyi & Sons,Retail,Concrete Blocks 9in,Blocks,18,700,931.0,16758.0,12600,4158.0,24.81,2026-04,Q2,2026
116,2026-04-17,C004,Prime Estates,Real Estate,Cement 50kg,Cement,70,9800,12125.0,848750.0,686000,162750.0,19.18,2026-04,Q2,2026
117,2026-06-28,C010,Community Project,Institution,Cement 50kg,Cement,13,9800,12250.0,159250.0,127400,31850.0,20.0,2026-06,Q2,2026
118,2026-01-02,C005,Local Contractor,Contractor,Concrete Blocks 6in,Blocks,13,550,735.0,9555.0,7150,2405.0,25.17,2026-01,Q1,2026
119,2026-05-18,C010,Community Project,Institution,PVC Pipe 1in,Plumbing,8,3200,4410.0,35280.0,25600,9680.0,27.44,2026-05,Q2,2026
120,2026-02-26,C007,Greenfield Homes,Real Estate,Granite 20 Tons,Aggregates,32,260000,318500.0,10192000.0,8320000,1872000.0,18.37,2026-02,Q1,2026
121,2026-03-28,C003,Home Builder,Individual,Concrete Blocks 9in,Blocks,15,700,950.0,14250.0,10500,3750.0,26.32,2026-03,Q1,2026
122,2026-06-09,C001,Retail Contractor,Contractor,PVC Pipe 1in,Plumbing,13,3200,4365.0,56745.0,41600,15145.0,26.69,2026-06,Q2,2026
123,2026-05-25,C002,BuildRight Ltd,Construction Company,Cement 50kg,Cement,42,9800,12250.0,514500.0,411600,102900.0,20.0,2026-05,Q2,2026
124,2026-02-16,C005,Local Contractor,Contractor,Cement 50kg,Cement,13,9800,12500.0,162500.0,127400,35100.0,21.6,2026-02,Q1,2026
125,2026-02-24,C006,Ifeanyi & Sons,Retail,Roofing Sheet,Roofing,11,6800,8722.0,95942.0,74800,21142.0,22.04,2026-02,Q1,2026
126,2026-03-13,C005,Local Contractor,Contractor,Concrete Blocks 9in,Blocks,3,700,931.0,2793.0,2100,693.0,24.81,2026-03,Q1,2026
127,2026-01-05,C001,Retail Contractor,Contractor,PVC Pipe 1in,Plumbing,12,3200,4500.0,54000.0,38400,15600.0,28.89,2026-01,Q1,2026
128,2026-06-16,C001,Retail Contractor,Contractor,Iron Rod 12mm,Steel,1,7200,9300.0,9300.0,7200,2100.0,22.58,2026-06,Q2,2026
129,2026-02-21,C010,Community Project,Institution,Cement 50kg,Cement,5,9800,12500.0,62500.0,49000,13500.0,21.6,2026-02,Q1,2026
130,2026-02-02,C002,BuildRight Ltd,Construction Company,Roofing Sheet,Roofing,57,6800,8722.0,497154.0,387600,109554.0,22.04,2026-02,Q1,2026
131,2026-06-29,C006,Ifeanyi & Sons,Retail,Granite 20 Tons,Aggregates,6,260000,315250.0,1891500.0,1560000,331500.0,17.53,2026-06,Q2,2026
132,2026-06-05,C003,Home Builder,Individual,Iron Rod 12mm,Steel,10,7200,9300.0,93000.0,72000,21000.0,22.58,2026-06,Q2,2026
133,2026-05-29,C005,Local Contractor,Contractor,Cement 50kg,Cement,19,9800,11875.0,225625.0,186200,39425.0,17.47,2026-05,Q2,2026
134,2026-04-07,C004,Prime Estates,Real Estate,Concrete Blocks 9in,Blocks,9,700,950.0,8550.0,6300,2250.0,26.32,2026-04,Q2,2026
135,2026-06-28,C010,Community Project,Institution,Granite 20 Tons,Aggregates,4,260000,315250.0,1261000.0,1040000,221000.0,17.53,2026-06,Q2,2026
136,2026-07-20,C006,Ifeanyi & Sons,Retail,Cement 50kg,Cement,18,9800,12250.0,220500.0,176400,44100.0,20.0,2026-07,Q3,2026
137,2026-06-19,C002,BuildRight Ltd,Construction Company,Concrete Blocks 6in,Blocks,68,550,750.0,51000.0,37400,13600.0,26.67,2026-06,Q2,2026
138,2026-04-18,C002,BuildRight Ltd,Construction Company,Roofing Sheet,Roofing,56,6800,8455.0,473480.0,380800,92680.0,19.57,2026-04,Q2,2026
139,2026-04-28,C007,Greenfield Homes,Real Estate,Iron Rod 16mm,Steel,24,11500,14356.0,344544.0,276000,68544.0,19.89,2026-04,Q2,2026
140,2026-07-26,C008,Walk-in Customer,Individual,PVC Pipe 1in,Plumbing,15,3200,4410.0,66150.0,48000,18150.0,27.44,2026-07,Q3,2026
141,2026-07-31,C005,Local Contractor,Contractor,PVC Pipe 2in,Plumbing,11,5900,7800.0,85800.0,64900,20900.0,24.36,2026-07,Q3,2026
142,2026-01-23,C008,Walk-in Customer,Individual,Granite 20 Tons,Aggregates,8,260000,318500.0,2548000.0,2080000,468000.0,18.37,2026-01,Q1,2026
143,2026-05-26,C007,Greenfield Homes,Real Estate,PVC Pipe 2in,Plumbing,22,5900,7644.0,168168.0,129800,38368.0,22.82,2026-05,Q2,2026
144,2026-03-25,C008,Walk-in Customer,Individual,Iron Rod 16mm,Steel,7,11500,14800.0,103600.0,80500,23100.0,22.3,2026-03,Q1,2026
145,2026-07-24,C006,Ifeanyi & Sons,Retail,Granite 20 Tons,Aggregates,9,260000,315250.0,2837250.0,2340000,497250.0,17.53,2026-07,Q3,2026
146,2026-06-29,C009,West End Builders,Construction Company,Granite 20 Tons,Aggregates,3,260000,325000.0,975000.0,780000,195000.0,20.0,2026-06,Q2,2026
147,2026-03-03,C008,Walk-in Customer,Individual,Concrete Blocks 9in,Blocks,18,700,950.0,17100.0,12600,4500.0,26.32,2026-03,Q1,2026
148,2026-06-26,C008,Walk-in Customer,Individual,Roofing Sheet,Roofing,15,6800,8900.0,133500.0,102000,31500.0,23.6,2026-06,Q2,2026
149,2026-01-24,C004,Prime Estates,Real Estate,Granite 20 Tons,Aggregates,39,260000,325000.0,12675000.0,10140000,2535000.0,20.0,2026-01,Q1,2026
150,2026-06-19,C006,Ifeanyi & Sons,Retail,PVC Pipe 2in,Plumbing,16,5900,7566.0,121056.0,94400,26656.0,22.02,2026-06,Q2,2026
151,2026-05-16,C007,Greenfield Homes,Real Estate,Concrete Blocks 6in,Blocks,72,550,750.0,54000.0,39600,14400.0,26.67,2026-05,Q2,2026
152,2026-06-29,C005,Local Contractor,Contractor,Roofing Sheet,Roofing,10,6800,8900.0,89000.0,68000,21000.0,23.6,2026-06,Q2,2026
153,2026-03-01,C004,Prime Estates,Real Estate,Iron Rod 12mm,Steel,22,7200,8835.0,194370.0,158400,35970.0,18.51,2026-03,Q1,2026
154,2026-05-18,C004,Prime Estates,Real Estate,Iron Rod 16mm,Steel,35,11500,14800.0,518000.0,402500,115500.0,22.3,2026-05,Q2,2026
155,2026-07-05,C009,West End Builders,Construction Company,PVC Pipe 2in,Plumbing,80,5900,7800.0,624000.0,472000,152000.0,24.36,2026-07,Q3,2026
156,2026-02-19,C004,Prime Estates,Real Estate,Granite 20 Tons,Aggregates,36,260000,325000.0,11700000.0,9360000,2340000.0,20.0,2026-02,Q1,2026
157,2026-01-04,C003,Home Builder,Individual,PVC Pipe 1in,Plumbing,9,3200,4500.0,40500.0,28800,11700.0,28.89,2026-01,Q1,2026
158,2026-01-14,C005,Local Contractor,Contractor,PVC Pipe 1in,Plumbing,5,3200,4275.0,21375.0,16000,5375.0,25.15,2026-01,Q1,2026
159,2026-07-12,C002,BuildRight Ltd,Construction Company,Roofing Sheet,Roofing,4,6800,8722.0,34888.0,27200,7688.0,22.04,2026-07,Q3,2026
160,2026-05-03,C006,Ifeanyi & Sons,Retail,Roofing Sheet,Roofing,6,6800,8900.0,53400.0,40800,12600.0,23.6,2026-05,Q2,2026
161,2026-03-06,C002,BuildRight Ltd,Construction Company,Roofing Sheet,Roofing,15,6800,8722.0,130830.0,102000,28830.0,22.04,2026-03,Q1,2026
162,2026-01-19,C001,Retail Contractor,Contractor,PVC Pipe 2in,Plumbing,5,5900,7800.0,39000.0,29500,9500.0,24.36,2026-01,Q1,2026
163,2026-07-27,C005,Local Contractor,Contractor,PVC Pipe 2in,Plumbing,3,5900,7800.0,23400.0,17700,5700.0,24.36,2026-07,Q3,2026
164,2026-01-31,C007,Greenfield Homes,Real Estate,PVC Pipe 1in,Plumbing,60,3200,4365.0,261900.0,192000,69900.0,26.69,2026-01,Q1,2026
165,2026-04-08,C008,Walk-in Customer,Individual,Roofing Sheet,Roofing,10,6800,8633.0,86330.0,68000,18330.0,21.23,2026-04,Q2,2026
166,2026-04-20,C010,Community Project,Institution,Granite 20 Tons,Aggregates,20,260000,325000.0,6500000.0,5200000,1300000.0,20.0,2026-04,Q2,2026
167,2026-06-06,C004,Prime Estates,Real Estate,Iron Rod 12mm,Steel,28,7200,8835.0,247380.0,201600,45780.0,18.51,2026-06,Q2,2026
168,2026-01-21,C004,Prime Estates,Real Estate,Iron Rod 16mm,Steel,12,11500,14800.0,177600.0,138000,39600.0,22.3,2026-01,Q1,2026
169,2026-01-01,C008,Walk-in Customer,Individual,Concrete Blocks 9in,Blocks,20,700,931.0,18620.0,14000,4620.0,24.81,2026-01,Q1,2026
170,2026-03-16,C004,Prime Estates,Real Estate,Cement 50kg,Cement,40,9800,11875.0,475000.0,392000,83000.0,17.47,2026-03,Q1,2026
171,2026-04-27,C004,Prime Estates,Real Estate,Iron Rod 12mm,Steel,27,7200,9114.0,246078.0,194400,51678.0,21.0,2026-04,Q2,2026
172,2026-01-30,C004,Prime Estates,Real Estate,PVC Pipe 1in,Plumbing,20,3200,4500.0,90000.0,64000,26000.0,28.89,2026-01,Q1,2026
173,2026-01-19,C003,Home Builder,Individual,Cement 50kg,Cement,10,9800,12125.0,121250.0,98000,23250.0,19.18,2026-01,Q1,2026
174,2026-07-11,C005,Local Contractor,Contractor,PVC Pipe 2in,Plumbing,15,5900,7800.0,117000.0,88500,28500.0,24.36,2026-07,Q3,2026
175,2026-04-30,C007,Greenfield Homes,Real Estate,Granite 20 Tons,Aggregates,45,260000,318500.0,14332500.0,11700000,2632500.0,18.37,2026-04,Q2,2026
176,2026-01-21,C001,Retail Contractor,Contractor,PVC Pipe 2in,Plumbing,14,5900,7410.0,103740.0,82600,21140.0,20.38,2026-01,Q1,2026
177,2026-03-24,C005,Local Contractor,Contractor,PVC Pipe 2in,Plumbing,1,5900,7800.0,7800.0,5900,1900.0,24.36,2026-03,Q1,2026
178,2026-02-28,C010,Community Project,Institution,PVC Pipe 2in,Plumbing,1,5900,7410.0,7410.0,5900,1510.0,20.38,2026-02,Q1,2026
179,2026-07-30,C010,Community Project,Institution,Granite 20 Tons,Aggregates,2,260000,325000.0,650000.0,520000,130000.0,20.0,2026-07,Q3,2026
180,2026-05-01,C008,Walk-in Customer,Individual,PVC Pipe 1in,Plumbing,9,3200,4500.0,40500.0,28800,11700.0,28.89,2026-05,Q2,2026
181,2026-05-30,C008,Walk-in Customer,Individual,Concrete Blocks 9in,Blocks,3,700,931.0,2793.0,2100,693.0,24.81,2026-05,Q2,2026
182,2026-03-31,C006,Ifeanyi & Sons,Retail,Concrete Blocks 9in,Blocks,11,700,902.5,9927.5,7700,2227.5,22.44,2026-03,Q1,2026
183,2026-01-27,C006,Ifeanyi & Sons,Retail,Iron Rod 16mm,Steel,14,11500,14060.0,196840.0,161000,35840.0,18.21,2026-01,Q1,2026
184,2026-05-07,C007,Greenfield Homes,Real Estate,Granite 20 Tons,Aggregates,36,260000,318500.0,11466000.0,9360000,2106000.0,18.37,2026-05,Q2,2026
185,2026-01-23,C005,Local Contractor,Contractor,Concrete Blocks 6in,Blocks,11,550,750.0,8250.0,6050,2200.0,26.67,2026-01,Q1,2026
186,2026-07-17,C009,West End Builders,Construction Company,Concrete Blocks 9in,Blocks,5,700,931.0,4655.0,3500,1155.0,24.81,2026-07,Q3,2026
187,2026-01-14,C009,West End Builders,Construction Company,Sharp Sand,Aggregates,60,180000,213750.0,12825000.0,10800000,2025000.0,15.79,2026-01,Q1,2026
188,2026-04-24,C004,Prime Estates,Real Estate,Cement 50kg,Cement,27,9800,12500.0,337500.0,264600,72900.0,21.6,2026-04,Q2,2026
189,2026-04-23,C002,BuildRight Ltd,Construction Company,Roofing Sheet,Roofing,3,6800,8455.0,25365.0,20400,4965.0,19.57,2026-04,Q2,2026
190,2026-02-10,C009,West End Builders,Construction Company,Granite 20 Tons,Aggregates,5,260000,325000.0,1625000.0,1300000,325000.0,20.0,2026-02,Q1,2026
191,2026-02-27,C008,Walk-in Customer,Individual,Iron Rod 12mm,Steel,4,7200,8835.0,35340.0,28800,6540.0,18.51,2026-02,Q1,2026
192,2026-02-09,C005,Local Contractor,Contractor,Roofing Sheet,Roofing,17,6800,8455.0,143735.0,115600,28135.0,19.57,2026-02,Q1,2026
193,2026-03-11,C008,Walk-in Customer,Individual,Concrete Blocks 9in,Blocks,16,700,950.0,15200.0,11200,4000.0,26.32,2026-03,Q1,2026
194,2026-04-27,C003,Home Builder,Individual,PVC Pipe 1in,Plumbing,13,3200,4500.0,58500.0,41600,16900.0,28.89,2026-04,Q2,2026
195,2026-06-03,C003,Home Builder,Individual,PVC Pipe 1in,Plumbing,3,3200,4500.0,13500.0,9600,3900.0,28.89,2026-06,Q2,2026
196,2026-07-17,C006,Ifeanyi & Sons,Retail,Concrete Blocks 9in,Blocks,17,700,950.0,16150.0,11900,4250.0,26.32,2026-07,Q3,2026
197,2026-07-30,C005,Local Contractor,Contractor,Cement 50kg,Cement,10,9800,12125.0,121250.0,98000,23250.0,19.18,2026-07,Q3,2026
198,2026-05-29,C003,Home Builder,Individual,Roofing Sheet,Roofing,15,6800,8633.0,129495.0,102000,27495.0,21.23,2026-05,Q2,2026
199,2026-05-04,C006,Ifeanyi & Sons,Retail,Concrete Blocks 6in,Blocks,18,550,727.5,13095.0,9900,3195.0,24.4,2026-05,Q2,2026
200,2026-04-07,C006,Ifeanyi & Sons,Retail,Roofing Sheet,Roofing,7,6800,8455.0,59185.0,47600,11585.0,19.57,2026-04,Q2,2026
201,2026-03-03,C007,Greenfield Homes,Real Estate,PVC Pipe 2in,Plumbing,40,5900,7800.0,312000.0,236000,76000.0,24.36,2026-03,Q1,2026
202,2026-03-23,C007,Greenfield Homes,Real Estate,Roofing Sheet,Roofing,39,6800,8722.0,340158.0,265200,74958.0,22.04,2026-03,Q1,2026
203,2026-01-10,C009,West End Builders,Construction Company,Iron Rod 16mm,Steel,76,11500,14800.0,1124800.0,874000,250800.0,22.3,2026-01,Q1,2026
204,2026-04-23,C009,West End Builders,Construction Company,Iron Rod 12mm,Steel,30,7200,8835.0,265050.0,216000,49050.0,18.51,2026-04,Q2,2026
205,2026-02-06,C003,Home Builder,Individual,Concrete Blocks 9in,Blocks,3,700,931.0,2793.0,2100,693.0,24.81,2026-02,Q1,2026
206,2026-07-20,C006,Ifeanyi & Sons,Retail,Granite 20 Tons,Aggregates,20,260000,308750.0,6175000.0,5200000,975000.0,15.79,2026-07,Q3,2026
207,2026-04-12,C006,Ifeanyi & Sons,Retail,Iron Rod 12mm,Steel,18,7200,9114.0,164052.0,129600,34452.0,21.0,2026-04,Q2,2026
208,2026-03-23,C009,West End Builders,Construction Company,Roofing Sheet,Roofing,4,6800,8900.0,35600.0,27200,8400.0,23.6,2026-03,Q1,2026
209,2026-06-11,C004,Prime Estates,Real Estate,Granite 20 Tons,Aggregates,15,260000,325000.0,4875000.0,3900000,975000.0,20.0,2026-06,Q2,2026
210,2026-07-14,C008,Walk-in Customer,Individual,Iron Rod 12mm,Steel,6,7200,8835.0,53010.0,43200,9810.0,18.51,2026-07,Q3,2026
211,2026-03-18,C001,Retail Contractor,Contractor,Cement 50kg,Cement,11,9800,12500.0,137500.0,107800,29700.0,21.6,2026-03,Q1,2026
212,2026-03-17,C006,Ifeanyi & Sons,Retail,Concrete Blocks 6in,Blocks,14,550,750.0,10500.0,7700,2800.0,26.67,2026-03,Q1,2026
213,2026-03-04,C007,Greenfield Homes,Real Estate,PVC Pipe 1in,Plumbing,57,3200,4500.0,256500.0,182400,74100.0,28.89,2026-03,Q1,2026
214,2026-02-14,C010,Community Project,Institution,Iron Rod 12mm,Steel,13,7200,9021.0,117273.0,93600,23673.0,20.19,2026-02,Q1,2026
215,2026-06-24,C008,Walk-in Customer,Individual,Sharp Sand,Aggregates,19,180000,225000.0,4275000.0,3420000,855000.0,20.0,2026-06,Q2,2026
216,2026-03-01,C005,Local Contractor,Contractor,Roofing Sheet,Roofing,15,6800,8900.0,133500.0,102000,31500.0,23.6,2026-03,Q1,2026
217,2026-06-20,C008,Walk-in Customer,Individual,Cement 50kg,Cement,10,9800,11875.0,118750.0,98000,20750.0,17.47,2026-06,Q2,2026
218,2026-05-20,C002,BuildRight Ltd,Construction Company,Iron Rod 16mm,Steel,60,11500,14356.0,861360.0,690000,171360.0,19.89,2026-05,Q2,2026
219,2026-03-18,C005,Local Contractor,Contractor,Concrete Blocks 9in,Blocks,15,700,950.0,14250.0,10500,3750.0,26.32,2026-03,Q1,2026
220,2026-02-20,C008,Walk-in Customer,Individual,Concrete Blocks 9in,Blocks,4,700,950.0,3800.0,2800,1000.0,26.32,2026-02,Q1,2026
221,2026-04-08,C006,Ifeanyi & Sons,Retail,PVC Pipe 2in,Plumbing,19,5900,7800.0,148200.0,112100,36100.0,24.36,2026-04,Q2,2026
222,2026-06-29,C001,Retail Contractor,Contractor,Granite 20 Tons,Aggregates,13,260000,325000.0,4225000.0,3380000,845000.0,20.0,2026-06,Q2,2026
223,2026-01-03,C001,Retail Contractor,Contractor,PVC Pipe 2in,Plumbing,20,5900,7410.0,148200.0,118000,30200.0,20.38,2026-01,Q1,2026
224,2026-05-08,C004,Prime Estates,Real Estate,Granite 20 Tons,Aggregates,80,260000,325000.0,26000000.0,20800000,5200000.0,20.0,2026-05,Q2,2026
225,2026-06-12,C010,Community Project,Institution,Sharp Sand,Aggregates,9,180000,213750.0,1923750.0,1620000,303750.0,15.79,2026-06,Q2,2026
226,2026-07-13,C002,BuildRight Ltd,Construction Company,Iron Rod 16mm,Steel,8,11500,14504.0,116032.0,92000,24032.0,20.71,2026-07,Q3,2026
227,2026-01-09,C006,Ifeanyi & Sons,Retail,PVC Pipe 2in,Plumbing,5,5900,7800.0,39000.0,29500,9500.0,24.36,2026-01,Q1,2026
228,2026-03-17,C007,Greenfield Homes,Real Estate,Concrete Blocks 6in,Blocks,18,550,750.0,13500.0,9900,3600.0,26.67,2026-03,Q1,2026
229,2026-07-21,C006,Ifeanyi & Sons,Retail,PVC Pipe 1in,Plumbing,17,3200,4365.0,74205.0,54400,19805.0,26.69,2026-07,Q3,2026
230,2026-03-11,C005,Local Contractor,Contractor,Iron Rod 16mm,Steel,16,11500,14800.0,236800.0,184000,52800.0,22.3,2026-03,Q1,2026
231,2026-07-11,C002,BuildRight Ltd,Construction Company,Concrete Blocks 6in,Blocks,30,550,750.0,22500.0,16500,6000.0,26.67,2026-07,Q3,2026
232,2026-07-13,C007,Greenfield Homes,Real Estate,Sharp Sand,Aggregates,72,180000,225000.0,16200000.0,12960000,3240000.0,20.0,2026-07,Q3,2026
233,2026-07-22,C001,Retail Contractor,Contractor,Concrete Blocks 9in,Blocks,9,700,921.5,8293.5,6300,1993.5,24.04,2026-07,Q3,2026
234,2026-02-01,C006,Ifeanyi & Sons,Retail,Roofing Sheet,Roofing,9,6800,8633.0,77697.0,61200,16497.0,21.23,2026-02,Q1,2026
235,2026-04-08,C002,BuildRight Ltd,Construction Company,Concrete Blocks 6in,Blocks,40,550,750.0,30000.0,22000,8000.0,26.67,2026-04,Q2,2026
236,2026-06-08,C006,Ifeanyi & Sons,Retail,PVC Pipe 1in,Plumbing,20,3200,4500.0,90000.0,64000,26000.0,28.89,2026-06,Q2,2026
237,2026-06-15,C008,Walk-in Customer,Individual,Iron Rod 12mm,Steel,10,7200,8835.0,88350.0,72000,16350.0,18.51,2026-06,Q2,2026
238,2026-04-15,C003,Home Builder,Individual,Iron Rod 12mm,Steel,2,7200,9300.0,18600.0,14400,4200.0,22.58,2026-04,Q2,2026
239,2026-03-19,C002,BuildRight Ltd,Construction Company,Roofing Sheet,Roofing,12,6800,8633.0,103596.0,81600,21996.0,21.23,2026-03,Q1,2026
240,2026-02-04,C008,Walk-in Customer,Individual,Concrete Blocks 9in,Blocks,12,700,902.5,10830.0,8400,2430.0,22.44,2026-02,Q1,2026
241,2026-07-10,C007,Greenfield Homes,Real Estate,PVC Pipe 1in,Plumbing,57,3200,4410.0,251370.0,182400,68970.0,27.44,2026-07,Q3,2026
242,2026-06-17,C008,Walk-in Customer,Individual,Iron Rod 12mm,Steel,20,7200,9114.0,182280.0,144000,38280.0,21.0,2026-06,Q2,2026
243,2026-03-13,C006,Ifeanyi & Sons,Retail,Cement 50kg,Cement,7,9800,12250.0,85750.0,68600,17150.0,20.0,2026-03,Q1,2026
244,2026-04-24,C006,Ifeanyi & Sons,Retail,Sharp Sand,Aggregates,4,180000,213750.0,855000.0,720000,135000.0,15.79,2026-04,Q2,2026
245,2026-04-05,C006,Ifeanyi & Sons,Retail,PVC Pipe 1in,Plumbing,2,3200,4410.0,8820.0,6400,2420.0,27.44,2026-04,Q2,2026
246,2026-03-12,C002,BuildRight Ltd,Construction Company,Sharp Sand,Aggregates,30,180000,213750.0,6412500.0,5400000,1012500.0,15.79,2026-03,Q1,2026
247,2026-02-24,C001,Retail Contractor,Contractor,PVC Pipe 2in,Plumbing,2,5900,7800.0,15600.0,11800,3800.0,24.36,2026-02,Q1,2026
248,2026-03-04,C010,Community Project,Institution,Iron Rod 16mm,Steel,7,11500,14800.0,103600.0,80500,23100.0,22.3,2026-03,Q1,2026
249,2026-07-15,C004,Prime Estates,Real Estate,PVC Pipe 1in,Plumbing,57,3200,4500.0,256500.0,182400,74100.0,28.89,2026-07,Q3,2026
250,2026-03-26,C010,Community Project,Institution,Iron Rod 16mm,Steel,1,11500,14800.0,14800.0,11500,3300.0,22.3,2026-03,Q1,2026
251,2026-02-07,C009,West End Builders,Construction Company,Iron Rod 16mm,Steel,27,11500,14800.0,399600.0,310500,89100.0,22.3,2026-02,Q1,2026
252,2026-06-19,C003,Home Builder,Individual,Cement 50kg,Cement,1,9800,12500.0,12500.0,9800,2700.0,21.6,2026-06,Q2,2026
253,2026-07-22,C010,Community Project,Institution,Sharp Sand,Aggregates,11,180000,225000.0,2475000.0,1980000,495000.0,20.0,2026-07,Q3,2026
254,2026-02-14,C001,Retail Contractor,Contractor,Granite 20 Tons,Aggregates,5,260000,308750.0,1543750.0,1300000,243750.0,15.79,2026-02,Q1,2026
255,2026-04-18,C002,BuildRight Ltd,Construction Company,PVC Pipe 1in,Plumbing,15,3200,4410.0,66150.0,48000,18150.0,27.44,2026-04,Q2,2026
256,2026-07-19,C009,West End Builders,Construction Company,Concrete Blocks 6in,Blocks,38,550,735.0,27930.0,20900,7030.0,25.17,2026-07,Q3,2026
257,2026-05-09,C010,Community Project,Institution,Sharp Sand,Aggregates,2,180000,213750.0,427500.0,360000,67500.0,15.79,2026-05,Q2,2026
258,2026-07-20,C005,Local Contractor,Contractor,PVC Pipe 1in,Plumbing,15,3200,4275.0,64125.0,48000,16125.0,25.15,2026-07,Q3,2026
259,2026-01-08,C008,Walk-in Customer,Individual,Cement 50kg,Cement,13,9800,12250.0,159250.0,127400,31850.0,20.0,2026-01,Q1,2026
260,2026-06-25,C008,Walk-in Customer,Individual,Iron Rod 12mm,Steel,15,7200,9300.0,139500.0,108000,31500.0,22.58,2026-06,Q2,2026
261,2026-01-21,C010,Community Project,Institution,Concrete Blocks 6in,Blocks,5,550,750.0,3750.0,2750,1000.0,26.67,2026-01,Q1,2026
262,2026-02-02,C010,Community Project,Institution,Granite 20 Tons,Aggregates,19,260000,315250.0,5989750.0,4940000,1049750.0,17.53,2026-02,Q1,2026
263,2026-07-02,C007,Greenfield Homes,Real Estate,Concrete Blocks 6in,Blocks,80,550,735.0,58800.0,44000,14800.0,25.17,2026-07,Q3,2026
264,2026-05-10,C007,Greenfield Homes,Real Estate,PVC Pipe 2in,Plumbing,8,5900,7410.0,59280.0,47200,12080.0,20.38,2026-05,Q2,2026
265,2026-06-16,C004,Prime Estates,Real Estate,PVC Pipe 1in,Plumbing,70,3200,4500.0,315000.0,224000,91000.0,28.89,2026-06,Q2,2026
266,2026-04-16,C008,Walk-in Customer,Individual,Concrete Blocks 6in,Blocks,13,550,735.0,9555.0,7150,2405.0,25.17,2026-04,Q2,2026
267,2026-07-06,C006,Ifeanyi & Sons,Retail,Iron Rod 12mm,Steel,14,7200,9300.0,130200.0,100800,29400.0,22.58,2026-07,Q3,2026
268,2026-06-20,C006,Ifeanyi & Sons,Retail,Granite 20 Tons,Aggregates,5,260000,308750.0,1543750.0,1300000,243750.0,15.79,2026-06,Q2,2026
269,2026-05-02,C002,BuildRight Ltd,Construction Company,Iron Rod 12mm,Steel,6,7200,9114.0,54684.0,43200,11484.0,21.0,2026-05,Q2,2026
270,2026-01-25,C003,Home Builder,Individual,Concrete Blocks 6in,Blocks,18,550,750.0,13500.0,9900,3600.0,26.67,2026-01,Q1,2026
271,2026-05-31,C009,West End Builders,Construction Company,PVC Pipe 1in,Plumbing,22,3200,4410.0,97020.0,70400,26620.0,27.44,2026-05,Q2,2026
272,2026-04-01,C001,Retail Contractor,Contractor,Concrete Blocks 9in,Blocks,10,700,921.5,9215.0,7000,2215.0,24.04,2026-04,Q2,2026
273,2026-03-21,C002,BuildRight Ltd,Construction Company,Concrete Blocks 6in,Blocks,57,550,750.0,42750.0,31350,11400.0,26.67,2026-03,Q1,2026
274,2026-06-18,C004,Prime Estates,Real Estate,Roofing Sheet,Roofing,16,6800,8633.0,138128.0,108800,29328.0,21.23,2026-06,Q2,2026
275,2026-04-05,C005,Local Contractor,Contractor,Iron Rod 12mm,Steel,19,7200,9300.0,176700.0,136800,39900.0,22.58,2026-04,Q2,2026
276,2026-07-26,C009,West End Builders,Construction Company,Concrete Blocks 9in,Blocks,40,700,921.5,36860.0,28000,8860.0,24.04,2026-07,Q3,2026
277,2026-06-18,C001,Retail Contractor,Contractor,Granite 20 Tons,Aggregates,6,260000,325000.0,1950000.0,1560000,390000.0,20.0,2026-06,Q2,2026
278,2026-06-29,C006,Ifeanyi & Sons,Retail,Granite 20 Tons,Aggregates,12,260000,325000.0,3900000.0,3120000,780000.0,20.0,2026-06,Q2,2026
279,2026-02-16,C010,Community Project,Institution,Iron Rod 16mm,Steel,13,11500,14800.0,192400.0,149500,42900.0,22.3,2026-02,Q1,2026
280,2026-02-06,C002,BuildRight Ltd,Construction Company,Cement 50kg,Cement,51,9800,12250.0,624750.0,499800,124950.0,20.0,2026-02,Q1,2026
281,2026-04-18,C006,Ifeanyi & Sons,Retail,Roofing Sheet,Roofing,6,6800,8900.0,53400.0,40800,12600.0,23.6,2026-04,Q2,2026
282,2026-03-21,C010,Community Project,Institution,Concrete Blocks 6in,Blocks,20,550,750.0,15000.0,11000,4000.0,26.67,2026-03,Q1,2026
283,2026-01-14,C003,Home Builder,Individual,Iron Rod 16mm,Steel,20,11500,14800.0,296000.0,230000,66000.0,22.3,2026-01,Q1,2026
284,2026-06-22,C005,Local Contractor,Contractor,Iron Rod 12mm,Steel,15,7200,8835.0,132525.0,108000,24525.0,18.51,2026-06,Q2,2026
285,2026-04-19,C010,Community Project,Institution,Roofing Sheet,Roofing,15,6800,8722.0,130830.0,102000,28830.0,22.04,2026-04,Q2,2026
286,2026-03-11,C009,West End Builders,Construction Company,Sharp Sand,Aggregates,16,180000,220500.0,3528000.0,2880000,648000.0,18.37,2026-03,Q1,2026
287,2026-01-29,C010,Community Project,Institution,Granite 20 Tons,Aggregates,16,260000,315250.0,5044000.0,4160000,884000.0,17.53,2026-01,Q1,2026
288,2026-06-20,C001,Retail Contractor,Contractor,Granite 20 Tons,Aggregates,8,260000,318500.0,2548000.0,2080000,468000.0,18.37,2026-06,Q2,2026
289,2026-06-03,C001,Retail Contractor,Contractor,Cement 50kg,Cement,7,9800,12500.0,87500.0,68600,18900.0,21.6,2026-06,Q2,2026
290,2026-02-24,C005,Local Contractor,Contractor,Iron Rod 16mm,Steel,10,11500,14800.0,148000.0,115000,33000.0,22.3,2026-02,Q1,2026
291,2026-01-31,C008,Walk-in Customer,Individual,Cement 50kg,Cement,14,9800,12500.0,175000.0,137200,37800.0,21.6,2026-01,Q1,2026
292,2026-02-03,C009,West End Builders,Construction Company,Concrete Blocks 9in,Blocks,32,700,950.0,30400.0,22400,8000.0,26.32,2026-02,Q1,2026
293,2026-04-12,C007,Greenfield Homes,Real Estate,Cement 50kg,Cement,5,9800,12500.0,62500.0,49000,13500.0,21.6,2026-04,Q2,2026
294,2026-03-22,C007,Greenfield Homes,Real Estate,PVC Pipe 2in,Plumbing,95,5900,7410.0,703950.0,560500,143450.0,20.38,2026-03,Q1,2026
295,2026-06-13,C005,Local Contractor,Contractor,Concrete Blocks 9in,Blocks,4,700,931.0,3724.0,2800,924.0,24.81,2026-06,Q2,2026
296,2026-01-06,C003,Home Builder,Individual,Concrete Blocks 6in,Blocks,20,550,735.0,14700.0,11000,3700.0,25.17,2026-01,Q1,2026
297,2026-06-26,C002,BuildRight Ltd,Construction Company,Concrete Blocks 6in,Blocks,28,550,750.0,21000.0,15400,5600.0,26.67,2026-06,Q2,2026
298,2026-04-22,C007,Greenfield Homes,Real Estate,PVC Pipe 2in,Plumbing,34,5900,7644.0,259896.0,200600,59296.0,22.82,2026-04,Q2,2026
299,2026-03-21,C004,Prime Estates,Real Estate,Concrete Blocks 6in,Blocks,33,550,750.0,24750.0,18150,6600.0,26.67,2026-03,Q1,2026
300,2026-05-11,C009,West End Builders,Construction Company,Iron Rod 12mm,Steel,51,7200,9300.0,474300.0,367200,107100.0,22.58,2026-05,Q2,2026
301,2026-03-31,C004,Prime Estates,Real Estate,Iron Rod 16mm,Steel,12,11500,14800.0,177600.0,138000,39600.0,22.3,2026-03,Q1,2026
302,2026-02-20,C010,Community Project,Institution,Iron Rod 16mm,Steel,5,11500,14060.0,70300.0,57500,12800.0,18.21,2026-02,Q1,2026
303,2026-01-20,C008,Walk-in Customer,Individual,Iron Rod 16mm,Steel,15,11500,14356.0,215340.0,172500,42840.0,19.89,2026-01,Q1,2026
304,2026-07-14,C008,Walk-in Customer,Individual,PVC Pipe 2in,Plumbing,19,5900,7410.0,140790.0,112100,28690.0,20.38,2026-07,Q3,2026
305,2026-06-12,C006,Ifeanyi & Sons,Retail,PVC Pipe 2in,Plumbing,11,5900,7800.0,85800.0,64900,20900.0,24.36,2026-06,Q2,2026
306,2026-04-23,C008,Walk-in Customer,Individual,Iron Rod 12mm,Steel,15,7200,8835.0,132525.0,108000,24525.0,18.51,2026-04,Q2,2026
307,2026-03-19,C010,Community Project,Institution,Granite 20 Tons,Aggregates,2,260000,325000.0,650000.0,520000,130000.0,20.0,2026-03,Q1,2026
308,2026-05-10,C005,Local Contractor,Contractor,Iron Rod 12mm,Steel,15,7200,9114.0,136710.0,108000,28710.0,21.0,2026-05,Q2,2026
309,2026-01-10,C006,Ifeanyi & Sons,Retail,Cement 50kg,Cement,10,9800,12500.0,125000.0,98000,27000.0,21.6,2026-01,Q1,2026
310,2026-06-15,C010,Community Project,Institution,Iron Rod 12mm,Steel,20,7200,9021.0,180420.0,144000,36420.0,20.19,2026-06,Q2,2026
311,2026-04-09,C010,Community Project,Institution,Roofing Sheet,Roofing,18,6800,8455.0,152190.0,122400,29790.0,19.57,2026-04,Q2,2026
312,2026-01-11,C010,Community Project,Institution,Roofing Sheet,Roofing,7,6800,8900.0,62300.0,47600,14700.0,23.6,2026-01,Q1,2026
313,2026-06-04,C009,West End Builders,Construction Company,Roofing Sheet,Roofing,10,6800,8722.0,87220.0,68000,19220.0,22.04,2026-06,Q2,2026
314,2026-01-27,C002,BuildRight Ltd,Construction Company,Concrete Blocks 6in,Blocks,51,550,750.0,38250.0,28050,10200.0,26.67,2026-01,Q1,2026
315,2026-03-05,C008,Walk-in Customer,Individual,Roofing Sheet,Roofing,17,6800,8633.0,146761.0,115600,31161.0,21.23,2026-03,Q1,2026
316,2026-06-06,C006,Ifeanyi & Sons,Retail,Iron Rod 16mm,Steel,12,11500,14800.0,177600.0,138000,39600.0,22.3,2026-06,Q2,2026
317,2026-04-10,C006,Ifeanyi & Sons,Retail,Concrete Blocks 9in,Blocks,20,700,950.0,19000.0,14000,5000.0,26.32,2026-04,Q2,2026
318,2026-07-22,C002,BuildRight Ltd,Construction Company,Concrete Blocks 6in,Blocks,22,550,727.5,16005.0,12100,3905.0,24.4,2026-07,Q3,2026
319,2026-06-23,C005,Local Contractor,Contractor,Concrete Blocks 9in,Blocks,9,700,902.5,8122.5,6300,1822.5,22.44,2026-06,Q2,2026
320,2026-06-18,C003,Home Builder,Individual,PVC Pipe 2in,Plumbing,11,5900,7800.0,85800.0,64900,20900.0,24.36,2026-06,Q2,2026
321,2026-05-30,C006,Ifeanyi & Sons,Retail,Iron Rod 16mm,Steel,10,11500,14060.0,140600.0,115000,25600.0,18.21,2026-05,Q2,2026
322,2026-06-28,C003,Home Builder,Individual,Concrete Blocks 9in,Blocks,20,700,902.5,18050.0,14000,4050.0,22.44,2026-06,Q2,2026
323,2026-01-22,C009,West End Builders,Construction Company,Granite 20 Tons,Aggregates,52,260000,325000.0,16900000.0,13520000,3380000.0,20.0,2026-01,Q1,2026
324,2026-06-21,C002,BuildRight Ltd,Construction Company,PVC Pipe 1in,Plumbing,56,3200,4500.0,252000.0,179200,72800.0,28.89,2026-06,Q2,2026
325,2026-04-03,C003,Home Builder,Individual,Granite 20 Tons,Aggregates,7,260000,325000.0,2275000.0,1820000,455000.0,20.0,2026-04,Q2,2026
326,2026-07-16,C004,Prime Estates,Real Estate,Roofing Sheet,Roofing,24,6800,8900.0,213600.0,163200,50400.0,23.6,2026-07,Q3,2026
327,2026-01-20,C002,BuildRight Ltd,Construction Company,Granite 20 Tons,Aggregates,34,260000,308750.0,10497500.0,8840000,1657500.0,15.79,2026-01,Q1,2026
328,2026-03-28,C003,Home Builder,Individual,PVC Pipe 2in,Plumbing,20,5900,7644.0,152880.0,118000,34880.0,22.82,2026-03,Q1,2026
329,2026-02-09,C003,Home Builder,Individual,Iron Rod 16mm,Steel,20,11500,14800.0,296000.0,230000,66000.0,22.3,2026-02,Q1,2026
330,2026-07-04,C001,Retail Contractor,Contractor,Roofing Sheet,Roofing,14,6800,8900.0,124600.0,95200,29400.0,23.6,2026-07,Q3,2026
331,2026-06-23,C008,Walk-in Customer,Individual,Sharp Sand,Aggregates,20,180000,225000.0,4500000.0,3600000,900000.0,20.0,2026-06,Q2,2026
332,2026-07-12,C004,Prime Estates,Real Estate,Roofing Sheet,Roofing,54,6800,8900.0,480600.0,367200,113400.0,23.6,2026-07,Q3,2026
333,2026-07-27,C004,Prime Estates,Real Estate,Roofing Sheet,Roofing,60,6800,8722.0,523320.0,408000,115320.0,22.04,2026-07,Q3,2026
334,2026-07-16,C007,Greenfield Homes,Real Estate,Granite 20 Tons,Aggregates,85,260000,325000.0,27625000.0,22100000,5525000.0,20.0,2026-07,Q3,2026
335,2026-07-29,C010,Community Project,Institution,Sharp Sand,Aggregates,5,180000,225000.0,1125000.0,900000,225000.0,20.0,2026-07,Q3,2026
336,2026-01-14,C006,Ifeanyi & Sons,Retail,Roofing Sheet,Roofing,18,6800,8900.0,160200.0,122400,37800.0,23.6,2026-01,Q1,2026
337,2026-07-02,C002,BuildRight Ltd,Construction Company,PVC Pipe 1in,Plumbing,20,3200,4500.0,90000.0,64000,26000.0,28.89,2026-07,Q3,2026
338,2026-03-11,C009,West End Builders,Construction Company,Roofing Sheet,Roofing,25,6800,8900.0,222500.0,170000,52500.0,23.6,2026-03,Q1,2026
339,2026-02-26,C006,Ifeanyi & Sons,Retail,Roofing Sheet,Roofing,1,6800,8722.0,8722.0,6800,1922.0,22.04,2026-02,Q1,2026
340,2026-01-14,C009,West End Builders,Construction Company,Concrete Blocks 9in,Blocks,36,700,931.0,33516.0,25200,8316.0,24.81,2026-01,Q1,2026
341,2026-01-21,C004,Prime Estates,Real Estate,Concrete Blocks 6in,Blocks,4,550,750.0,3000.0,2200,800.0,26.67,2026-01,Q1,2026
342,2026-07-02,C003,Home Builder,Individual,Concrete Blocks 6in,Blocks,5,550,750.0,3750.0,2750,1000.0,26.67,2026-07,Q3,2026
343,2026-03-15,C003,Home Builder,Individual,Roofing Sheet,Roofing,16,6800,8722.0,139552.0,108800,30752.0,22.04,2026-03,Q1,2026
344,2026-06-07,C002,BuildRight Ltd,Construction Company,Cement 50kg,Cement,4,9800,12500.0,50000.0,39200,10800.0,21.6,2026-06,Q2,2026
345,2026-02-08,C010,Community Project,Institution,PVC Pipe 1in,Plumbing,17,3200,4410.0,74970.0,54400,20570.0,27.44,2026-02,Q1,2026
346,2026-01-29,C004,Prime Estates,Real Estate,Granite 20 Tons,Aggregates,20,260000,325000.0,6500000.0,5200000,1300000.0,20.0,2026-01,Q1,2026
347,2026-03-03,C010,Community Project,Institution,Concrete Blocks 9in,Blocks,15,700,950.0,14250.0,10500,3750.0,26.32,2026-03,Q1,2026
348,2026-01-29,C010,Community Project,Institution,Roofing Sheet,Roofing,18,6800,8900.0,160200.0,122400,37800.0,23.6,2026-01,Q1,2026
349,2026-06-11,C010,Community Project,Institution,PVC Pipe 1in,Plumbing,8,3200,4275.0,34200.0,25600,8600.0,25.15,2026-06,Q2,2026
350,2026-02-06,C007,Greenfield Homes,Real Estate,Granite 20 Tons,Aggregates,4,260000,325000.0,1300000.0,1040000,260000.0,20.0,2026-02,Q1,2026
351,2026-05-27,C003,Home Builder,Individual,Concrete Blocks 9in,Blocks,3,700,921.5,2764.5,2100,664.5,24.04,2026-05,Q2,2026
352,2026-04-03,C009,West End Builders,Construction Company,Iron Rod 12mm,Steel,36,7200,9114.0,328104.0,259200,68904.0,21.0,2026-04,Q2,2026
353,2026-05-01,C007,Greenfield Homes,Real Estate,Cement 50kg,Cement,48,9800,11875.0,570000.0,470400,99600.0,17.47,2026-05,Q2,2026
354,2026-01-05,C002,BuildRight Ltd,Construction Company,Concrete Blocks 6in,Blocks,36,550,712.5,25650.0,19800,5850.0,22.81,2026-01,Q1,2026
355,2026-06-18,C010,Community Project,Institution,Iron Rod 12mm,Steel,11,7200,9300.0,102300.0,79200,23100.0,22.58,2026-06,Q2,2026
356,2026-01-12,C009,West End Builders,Construction Company,Concrete Blocks 6in,Blocks,33,550,712.5,23512.5,18150,5362.5,22.81,2026-01,Q1,2026
357,2026-04-29,C003,Home Builder,Individual,Roofing Sheet,Roofing,5,6800,8900.0,44500.0,34000,10500.0,23.6,2026-04,Q2,2026
358,2026-07-03,C001,Retail Contractor,Contractor,Roofing Sheet,Roofing,10,6800,8900.0,89000.0,68000,21000.0,23.6,2026-07,Q3,2026
359,2026-01-12,C001,Retail Contractor,Contractor,Sharp Sand,Aggregates,11,180000,225000.0,2475000.0,1980000,495000.0,20.0,2026-01,Q1,2026
360,2026-05-12,C009,West End Builders,Construction Company,Concrete Blocks 9in,Blocks,64,700,950.0,60800.0,44800,16000.0,26.32,2026-05,Q2,2026
361,2026-07-12,C005,Local Contractor,Contractor,Sharp Sand,Aggregates,12,180000,225000.0,2700000.0,2160000,540000.0,20.0,2026-07,Q3,2026
362,2026-06-17,C005,Local Contractor,Contractor,Concrete Blocks 6in,Blocks,4,550,750.0,3000.0,2200,800.0,26.67,2026-06,Q2,2026
363,2026-04-22,C008,Walk-in Customer,Individual,Concrete Blocks 9in,Blocks,13,700,950.0,12350.0,9100,3250.0,26.32,2026-04,Q2,2026
364,2026-02-17,C008,Walk-in Customer,Individual,Roofing Sheet,Roofing,12,6800,8633.0,103596.0,81600,21996.0,21.23,2026-02,Q1,2026
365,2026-03-10,C007,Greenfield Homes,Real Estate,Iron Rod 12mm,Steel,15,7200,9021.0,135315.0,108000,27315.0,20.19,2026-03,Q1,2026
366,2026-07-30,C009,West End Builders,Construction Company,Iron Rod 16mm,Steel,40,11500,14800.0,592000.0,460000,132000.0,22.3,2026-07,Q3,2026
367,2026-01-21,C005,Local Contractor,Contractor,Concrete Blocks 6in,Blocks,10,550,735.0,7350.0,5500,1850.0,25.17,2026-01,Q1,2026
368,2026-06-04,C003,Home Builder,Individual,Concrete Blocks 9in,Blocks,15,700,950.0,14250.0,10500,3750.0,26.32,2026-06,Q2,2026
369,2026-04-25,C006,Ifeanyi & Sons,Retail,Cement 50kg,Cement,20,9800,12250.0,245000.0,196000,49000.0,20.0,2026-04,Q2,2026
370,2026-03-12,C002,BuildRight Ltd,Construction Company,Cement 50kg,Cement,52,9800,12125.0,630500.0,509600,120900.0,19.18,2026-03,Q1,2026
371,2026-07-25,C001,Retail Contractor,Contractor,Iron Rod 16mm,Steel,5,11500,14356.0,71780.0,57500,14280.0,19.89,2026-07,Q3,2026
372,2026-06-23,C001,Retail Contractor,Contractor,Roofing Sheet,Roofing,5,6800,8900.0,44500.0,34000,10500.0,23.6,2026-06,Q2,2026
373,2026-03-02,C006,Ifeanyi & Sons,Retail,Concrete Blocks 6in,Blocks,13,550,727.5,9457.5,7150,2307.5,24.4,2026-03,Q1,2026
374,2026-01-09,C003,Home Builder,Individual,PVC Pipe 2in,Plumbing,15,5900,7800.0,117000.0,88500,28500.0,24.36,2026-01,Q1,2026
375,2026-04-06,C002,BuildRight Ltd,Construction Company,Roofing Sheet,Roofing,57,6800,8633.0,492081.0,387600,104481.0,21.23,2026-04,Q2,2026
376,2026-04-04,C006,Ifeanyi & Sons,Retail,Concrete Blocks 9in,Blocks,9,700,950.0,8550.0,6300,2250.0,26.32,2026-04,Q2,2026
377,2026-01-30,C003,Home Builder,Individual,Cement 50kg,Cement,16,9800,12125.0,194000.0,156800,37200.0,19.18,2026-01,Q1,2026
378,2026-04-10,C002,BuildRight Ltd,Construction Company,PVC Pipe 1in,Plumbing,36,3200,4275.0,153900.0,115200,38700.0,25.15,2026-04,Q2,2026
379,2026-04-25,C010,Community Project,Institution,Sharp Sand,Aggregates,10,180000,213750.0,2137500.0,1800000,337500.0,15.79,2026-04,Q2,2026
380,2026-05-06,C002,BuildRight Ltd,Construction Company,Sharp Sand,Aggregates,10,180000,220500.0,2205000.0,1800000,405000.0,18.37,2026-05,Q2,2026
381,2026-02-14,C002,BuildRight Ltd,Construction Company,Roofing Sheet,Roofing,44,6800,8455.0,372020.0,299200,72820.0,19.57,2026-02,Q1,2026
382,2026-01-17,C009,West End Builders,Construction Company,PVC Pipe 1in,Plumbing,40,3200,4500.0,180000.0,128000,52000.0,28.89,2026-01,Q1,2026
383,2026-07-02,C006,Ifeanyi & Sons,Retail,Iron Rod 16mm,Steel,17,11500,14800.0,251600.0,195500,56100.0,22.3,2026-07,Q3,2026
384,2026-02-01,C003,Home Builder,Individual,Sharp Sand,Aggregates,8,180000,220500.0,1764000.0,1440000,324000.0,18.37,2026-02,Q1,2026
385,2026-01-07,C009,West End Builders,Construction Company,Concrete Blocks 6in,Blocks,76,550,735.0,55860.0,41800,14060.0,25.17,2026-01,Q1,2026
386,2026-07-25,C003,Home Builder,Individual,PVC Pipe 1in,Plumbing,20,3200,4500.0,90000.0,64000,26000.0,28.89,2026-07,Q3,2026
387,2026-01-17,C007,Greenfield Homes,Real Estate,Granite 20 Tons,Aggregates,80,260000,318500.0,25480000.0,20800000,4680000.0,18.37,2026-01,Q1,2026
388,2026-07-30,C002,BuildRight Ltd,Construction Company,PVC Pipe 2in,Plumbing,20,5900,7410.0,148200.0,118000,30200.0,20.38,2026-07,Q3,2026
389,2026-01-19,C008,Walk-in Customer,Individual,Roofing Sheet,Roofing,17,6800,8900.0,151300.0,115600,35700.0,23.6,2026-01,Q1,2026
390,2026-02-02,C010,Community Project,Institution,PVC Pipe 1in,Plumbing,6,3200,4500.0,27000.0,19200,7800.0,28.89,2026-02,Q1,2026
391,2026-04-21,C001,Retail Contractor,Contractor,PVC Pipe 1in,Plumbing,4,3200,4365.0,17460.0,12800,4660.0,26.69,2026-04,Q2,2026
392,2026-02-09,C003,Home Builder,Individual,Granite 20 Tons,Aggregates,6,260000,325000.0,1950000.0,1560000,390000.0,20.0,2026-02,Q1,2026
393,2026-07-01,C006,Ifeanyi & Sons,Retail,Sharp Sand,Aggregates,17,180000,225000.0,3825000.0,3060000,765000.0,20.0,2026-07,Q3,2026
394,2026-01-21,C004,Prime Estates,Real Estate,Granite 20 Tons,Aggregates,72,260000,325000.0,23400000.0,18720000,4680000.0,20.0,2026-01,Q1,2026
395,2026-06-10,C010,Community Project,Institution,Granite 20 Tons,Aggregates,18,260000,325000.0,5850000.0,4680000,1170000.0,20.0,2026-06,Q2,2026
396,2026-05-09,C010,Community Project,Institution,Iron Rod 16mm,Steel,19,11500,14800.0,281200.0,218500,62700.0,22.3,2026-05,Q2,2026
397,2026-02-13,C010,Community Project,Institution,PVC Pipe 2in,Plumbing,11,5900,7566.0,83226.0,64900,18326.0,22.02,2026-02,Q1,2026
398,2026-01-11,C002,BuildRight Ltd,Construction Company,Cement 50kg,Cement,8,9800,11875.0,95000.0,78400,16600.0,17.47,2026-01,Q1,2026
399,2026-02-23,C007,Greenfield Homes,Real Estate,PVC Pipe 2in,Plumbing,40,5900,7644.0,305760.0,236000,69760.0,22.82,2026-02,Q1,2026
400,2026-06-10,C005,Local Contractor,Contractor,PVC Pipe 1in,Plumbing,10,3200,4410.0,44100.0,32000,12100.0,27.44,2026-06,Q2,2026
401,2026-03-04,C005,Local Contractor,Contractor,Concrete Blocks 9in,Blocks,15,700,950.0,14250.0,10500,3750.0,26.32,2026-03,Q1,2026
402,2026-06-26,C003,Home Builder,Individual,Cement 50kg,Cement,15,9800,12250.0,183750.0,147000,36750.0,20.0,2026-06,Q2,2026
403,2026-05-04,C004,Prime Estates,Real Estate,Roofing Sheet,Roofing,33,6800,8900.0,293700.0,224400,69300.0,23.6,2026-05,Q2,2026
404,2026-07-03,C006,Ifeanyi & Sons,Retail,Concrete Blocks 6in,Blocks,13,550,750.0,9750.0,7150,2600.0,26.67,2026-07,Q3,2026
405,2026-07-14,C009,West End Builders,Construction Company,Concrete Blocks 6in,Blocks,36,550,750.0,27000.0,19800,7200.0,26.67,2026-07,Q3,2026
406,2026-03-03,C002,BuildRight Ltd,Construction Company,Roofing Sheet,Roofing,45,6800,8900.0,400500.0,306000,94500.0,23.6,2026-03,Q1,2026
407,2026-02-06,C001,Retail Contractor,Contractor,Iron Rod 12mm,Steel,10,7200,9114.0,91140.0,72000,19140.0,21.0,2026-02,Q1,2026
408,2026-06-07,C004,Prime Estates,Real Estate,Concrete Blocks 9in,Blocks,24,700,921.5,22116.0,16800,5316.0,24.04,2026-06,Q2,2026
409,2026-07-04,C004,Prime Estates,Real Estate,Concrete Blocks 6in,Blocks,30,550,727.5,21825.0,16500,5325.0,24.4,2026-07,Q3,2026
410,2026-04-30,C005,Local Contractor,Contractor,Roofing Sheet,Roofing,16,6800,8900.0,142400.0,108800,33600.0,23.6,2026-04,Q2,2026
411,2026-01-24,C009,West End Builders,Construction Company,Concrete Blocks 9in,Blocks,45,700,950.0,42750.0,31500,11250.0,26.32,2026-01,Q1,2026
412,2026-05-30,C001,Retail Contractor,Contractor,Concrete Blocks 6in,Blocks,2,550,750.0,1500.0,1100,400.0,26.67,2026-05,Q2,2026
413,2026-05-07,C008,Walk-in Customer,Individual,PVC Pipe 2in,Plumbing,10,5900,7566.0,75660.0,59000,16660.0,22.02,2026-05,Q2,2026
414,2026-01-03,C007,Greenfield Homes,Real Estate,Iron Rod 12mm,Steel,20,7200,8835.0,176700.0,144000,32700.0,18.51,2026-01,Q1,2026
415,2026-04-04,C006,Ifeanyi & Sons,Retail,Concrete Blocks 9in,Blocks,2,700,931.0,1862.0,1400,462.0,24.81,2026-04,Q2,2026
416,2026-01-14,C009,West End Builders,Construction Company,PVC Pipe 2in,Plumbing,28,5900,7566.0,211848.0,165200,46648.0,22.02,2026-01,Q1,2026
417,2026-03-15,C007,Greenfield Homes,Real Estate,Iron Rod 12mm,Steel,85,7200,9021.0,766785.0,612000,154785.0,20.19,2026-03,Q1,2026
418,2026-03-13,C010,Community Project,Institution,PVC Pipe 2in,Plumbing,4,5900,7800.0,31200.0,23600,7600.0,24.36,2026-03,Q1,2026
419,2026-01-25,C006,Ifeanyi & Sons,Retail,Concrete Blocks 9in,Blocks,11,700,921.5,10136.5,7700,2436.5,24.04,2026-01,Q1,2026
420,2026-04-04,C004,Prime Estates,Real Estate,Iron Rod 16mm,Steel,100,11500,14356.0,1435600.0,1150000,285600.0,19.89,2026-04,Q2,2026
421,2026-01-11,C001,Retail Contractor,Contractor,Cement 50kg,Cement,5,9800,11875.0,59375.0,49000,10375.0,17.47,2026-01,Q1,2026
422,2026-03-27,C009,West End Builders,Construction Company,Roofing Sheet,Roofing,45,6800,8633.0,388485.0,306000,82485.0,21.23,2026-03,Q1,2026
423,2026-05-12,C006,Ifeanyi & Sons,Retail,Iron Rod 16mm,Steel,20,11500,14800.0,296000.0,230000,66000.0,22.3,2026-05,Q2,2026
424,2026-02-11,C010,Community Project,Institution,Concrete Blocks 9in,Blocks,10,700,921.5,9215.0,7000,2215.0,24.04,2026-02,Q1,2026
425,2026-03-28,C009,West End Builders,Construction Company,PVC Pipe 1in,Plumbing,90,3200,4275.0,384750.0,288000,96750.0,25.15,2026-03,Q1,2026
426,2026-05-25,C008,Walk-in Customer,Individual,Granite 20 Tons,Aggregates,1,260000,325000.0,325000.0,260000,65000.0,20.0,2026-05,Q2,2026
427,2026-03-26,C007,Greenfield Homes,Real Estate,Iron Rod 12mm,Steel,76,7200,8835.0,671460.0,547200,124260.0,18.51,2026-03,Q1,2026
428,2026-06-26,C010,Community Project,Institution,Cement 50kg,Cement,16,9800,12500.0,200000.0,156800,43200.0,21.6,2026-06,Q2,2026
429,2026-06-17,C010,Community Project,Institution,PVC Pipe 2in,Plumbing,8,5900,7410.0,59280.0,47200,12080.0,20.38,2026-06,Q2,2026
430,2026-01-14,C008,Walk-in Customer,Individual,PVC Pipe 2in,Plumbing,6,5900,7566.0,45396.0,35400,9996.0,22.02,2026-01,Q1,2026
431,2026-06-11,C007,Greenfield Homes,Real Estate,PVC Pipe 2in,Plumbing,15,5900,7800.0,117000.0,88500,28500.0,24.36,2026-06,Q2,2026
432,2026-05-27,C004,Prime Estates,Real Estate,Iron Rod 12mm,Steel,5,7200,9300.0,46500.0,36000,10500.0,22.58,2026-05,Q2,2026
433,2026-04-18,C007,Greenfield Homes,Real Estate,Iron Rod 16mm,Steel,35,11500,14356.0,502460.0,402500,99960.0,19.89,2026-04,Q2,2026
434,2026-07-18,C008,Walk-in Customer,Individual,PVC Pipe 2in,Plumbing,2,5900,7410.0,14820.0,11800,3020.0,20.38,2026-07,Q3,2026
435,2026-02-05,C004,Prime Estates,Real Estate,PVC Pipe 1in,Plumbing,72,3200,4275.0,307800.0,230400,77400.0,25.15,2026-02,Q1,2026
436,2026-05-03,C007,Greenfield Homes,Real Estate,PVC Pipe 1in,Plumbing,33,3200,4410.0,145530.0,105600,39930.0,27.44,2026-05,Q2,2026
437,2026-05-17,C009,West End Builders,Construction Company,Concrete Blocks 6in,Blocks,48,550,727.5,34920.0,26400,8520.0,24.4,2026-05,Q2,2026
438,2026-05-04,C004,Prime Estates,Real Estate,Sharp Sand,Aggregates,36,180000,225000.0,8100000.0,6480000,1620000.0,20.0,2026-05,Q2,2026
439,2026-03-18,C004,Prime Estates,Real Estate,Granite 20 Tons,Aggregates,64,260000,318500.0,20384000.0,16640000,3744000.0,18.37,2026-03,Q1,2026
440,2026-03-31,C005,Local Contractor,Contractor,PVC Pipe 1in,Plumbing,10,3200,4500.0,45000.0,32000,13000.0,28.89,2026-03,Q1,2026
441,2026-05-27,C007,Greenfield Homes,Real Estate,PVC Pipe 1in,Plumbing,52,3200,4500.0,234000.0,166400,67600.0,28.89,2026-05,Q2,2026
442,2026-03-16,C005,Local Contractor,Contractor,Cement 50kg,Cement,3,9800,12500.0,37500.0,29400,8100.0,21.6,2026-03,Q1,2026
443,2026-04-24,C008,Walk-in Customer,Individual,Granite 20 Tons,Aggregates,7,260000,325000.0,2275000.0,1820000,455000.0,20.0,2026-04,Q2,2026
444,2026-07-31,C005,Local Contractor,Contractor,PVC Pipe 1in,Plumbing,18,3200,4275.0,76950.0,57600,19350.0,25.15,2026-07,Q3,2026
445,2026-03-11,C002,BuildRight Ltd,Construction Company,Iron Rod 16mm,Steel,60,11500,14800.0,888000.0,690000,198000.0,22.3,2026-03,Q1,2026
446,2026-01-13,C004,Prime Estates,Real Estate,PVC Pipe 1in,Plumbing,16,3200,4500.0,72000.0,51200,20800.0,28.89,2026-01,Q1,2026
447,2026-04-16,C008,Walk-in Customer,Individual,Concrete Blocks 6in,Blocks,4,550,712.5,2850.0,2200,650.0,22.81,2026-04,Q2,2026
448,2026-07-17,C001,Retail Contractor,Contractor,Iron Rod 16mm,Steel,18,11500,14800.0,266400.0,207000,59400.0,22.3,2026-07,Q3,2026
449,2026-04-15,C008,Walk-in Customer,Individual,Roofing Sheet,Roofing,7,6800,8900.0,62300.0,47600,14700.0,23.6,2026-04,Q2,2026
450,2026-03-24,C001,Retail Contractor,Contractor,Granite 20 Tons,Aggregates,3,260000,308750.0,926250.0,780000,146250.0,15.79,2026-03,Q1,2026
451,2026-05-27,C009,West End Builders,Construction Company,Sharp Sand,Aggregates,6,180000,220500.0,1323000.0,1080000,243000.0,18.37,2026-05,Q2,2026
452,2026-02-15,C007,Greenfield Homes,Real Estate,Cement 50kg,Cement,48,9800,11875.0,570000.0,470400,99600.0,17.47,2026-02,Q1,2026
453,2026-03-16,C001,Retail Contractor,Contractor,Cement 50kg,Cement,10,9800,12125.0,121250.0,98000,23250.0,19.18,2026-03,Q1,2026
454,2026-06-04,C006,Ifeanyi & Sons,Retail,Iron Rod 12mm,Steel,10,7200,9114.0,91140.0,72000,19140.0,21.0,2026-06,Q2,2026
455,2026-06-14,C009,West End Builders,Construction Company,PVC Pipe 1in,Plumbing,48,3200,4365.0,209520.0,153600,55920.0,26.69,2026-06,Q2,2026
456,2026-04-30,C004,Prime Estates,Real Estate,Granite 20 Tons,Aggregates,16,260000,325000.0,5200000.0,4160000,1040000.0,20.0,2026-04,Q2,2026
457,2026-07-07,C005,Local Contractor,Contractor,Roofing Sheet,Roofing,6,6800,8900.0,53400.0,40800,12600.0,23.6,2026-07,Q3,2026
458,2026-07-08,C005,Local Contractor,Contractor,Concrete Blocks 6in,Blocks,19,550,712.5,13537.5,10450,3087.5,22.81,2026-07,Q3,2026
459,2026-07-13,C003,Home Builder,Individual,Sharp Sand,Aggregates,20,180000,213750.0,4275000.0,3600000,675000.0,15.79,2026-07,Q3,2026
460,2026-04-14,C009,West End Builders,Construction Company,Concrete Blocks 9in,Blocks,22,700,931.0,20482.0,15400,5082.0,24.81,2026-04,Q2,2026
461,2026-06-21,C003,Home Builder,Individual,Iron Rod 12mm,Steel,5,7200,9114.0,45570.0,36000,9570.0,21.0,2026-06,Q2,2026
462,2026-03-24,C001,Retail Contractor,Contractor,Sharp Sand,Aggregates,9,180000,220500.0,1984500.0,1620000,364500.0,18.37,2026-03,Q1,2026
463,2026-03-02,C005,Local Contractor,Contractor,Roofing Sheet,Roofing,11,6800,8900.0,97900.0,74800,23100.0,23.6,2026-03,Q1,2026
464,2026-05-30,C001,Retail Contractor,Contractor,PVC Pipe 2in,Plumbing,9,5900,7410.0,66690.0,53100,13590.0,20.38,2026-05,Q2,2026
465,2026-04-03,C001,Retail Contractor,Contractor,Sharp Sand,Aggregates,4,180000,220500.0,882000.0,720000,162000.0,18.37,2026-04,Q2,2026
466,2026-03-20,C007,Greenfield Homes,Real Estate,Iron Rod 16mm,Steel,68,11500,14060.0,956080.0,782000,174080.0,18.21,2026-03,Q1,2026
467,2026-01-31,C006,Ifeanyi & Sons,Retail,Granite 20 Tons,Aggregates,20,260000,325000.0,6500000.0,5200000,1300000.0,20.0,2026-01,Q1,2026
468,2026-02-26,C008,Walk-in Customer,Individual,Iron Rod 16mm,Steel,5,11500,14504.0,72520.0,57500,15020.0,20.71,2026-02,Q1,2026
469,2026-07-11,C006,Ifeanyi & Sons,Retail,PVC Pipe 2in,Plumbing,14,5900,7410.0,103740.0,82600,21140.0,20.38,2026-07,Q3,2026
470,2026-05-21,C009,West End Builders,Construction Company,Roofing Sheet,Roofing,21,6800,8455.0,177555.0,142800,34755.0,19.57,2026-05,Q2,2026
471,2026-07-13,C002,BuildRight Ltd,Construction Company,PVC Pipe 2in,Plumbing,85,5900,7566.0,643110.0,501500,141610.0,22.02,2026-07,Q3,2026
472,2026-06-30,C002,BuildRight Ltd,Construction Company,Concrete Blocks 6in,Blocks,38,550,750.0,28500.0,20900,7600.0,26.67,2026-06,Q2,2026
473,2026-05-21,C004,Prime Estates,Real Estate,PVC Pipe 1in,Plumbing,57,3200,4500.0,256500.0,182400,74100.0,28.89,2026-05,Q2,2026
474,2026-03-25,C008,Walk-in Customer,Individual,PVC Pipe 1in,Plumbing,4,3200,4275.0,17100.0,12800,4300.0,25.15,2026-03,Q1,2026
475,2026-02-22,C008,Walk-in Customer,Individual,PVC Pipe 2in,Plumbing,3,5900,7566.0,22698.0,17700,4998.0,22.02,2026-02,Q1,2026
476,2026-04-25,C008,Walk-in Customer,Individual,Cement 50kg,Cement,5,9800,12125.0,60625.0,49000,11625.0,19.18,2026-04,Q2,2026
477,2026-04-17,C010,Community Project,Institution,Roofing Sheet,Roofing,2,6800,8633.0,17266.0,13600,3666.0,21.23,2026-04,Q2,2026
478,2026-04-29,C001,Retail Contractor,Contractor,Granite 20 Tons,Aggregates,13,260000,325000.0,4225000.0,3380000,845000.0,20.0,2026-04,Q2,2026
479,2026-07-29,C004,Prime Estates,Real Estate,Cement 50kg,Cement,38,9800,12500.0,475000.0,372400,102600.0,21.6,2026-07,Q3,2026
480,2026-04-19,C002,BuildRight Ltd,Construction Company,Concrete Blocks 6in,Blocks,36,550,750.0,27000.0,19800,7200.0,26.67,2026-04,Q2,2026
481,2026-05-01,C005,Local Contractor,Contractor,Cement 50kg,Cement,14,9800,12500.0,175000.0,137200,37800.0,21.6,2026-05,Q2,2026
482,2026-07-16,C007,Greenfield Homes,Real Estate,Iron Rod 16mm,Steel,60,11500,14504.0,870240.0,690000,180240.0,20.71,2026-07,Q3,2026
483,2026-04-07,C002,BuildRight Ltd,Construction Company,Concrete Blocks 9in,Blocks,54,700,902.5,48735.0,37800,10935.0,22.44,2026-04,Q2,2026
484,2026-03-31,C003,Home Builder,Individual,Iron Rod 12mm,Steel,18,7200,9114.0,164052.0,129600,34452.0,21.0,2026-03,Q1,2026
485,2026-05-16,C004,Prime Estates,Real Estate,Iron Rod 16mm,Steel,2,11500,14800.0,29600.0,23000,6600.0,22.3,2026-05,Q2,2026
486,2026-04-29,C007,Greenfield Homes,Real Estate,PVC Pipe 1in,Plumbing,90,3200,4500.0,405000.0,288000,117000.0,28.89,2026-04,Q2,2026
487,2026-03-05,C006,Ifeanyi & Sons,Retail,Roofing Sheet,Roofing,5,6800,8900.0,44500.0,34000,10500.0,23.6,2026-03,Q1,2026
488,2026-02-18,C001,Retail Contractor,Contractor,Iron Rod 12mm,Steel,14,7200,9021.0,126294.0,100800,25494.0,20.19,2026-02,Q1,2026
489,2026-07-16,C004,Prime Estates,Real Estate,Cement 50kg,Cement,14,9800,12500.0,175000.0,137200,37800.0,21.6,2026-07,Q3,2026
490,2026-06-02,C008,Walk-in Customer,Individual,Cement 50kg,Cement,20,9800,11875.0,237500.0,196000,41500.0,17.47,2026-06,Q2,2026
491,2026-06-30,C004,Prime Estates,Real Estate,Cement 50kg,Cement,10,9800,12250.0,122500.0,98000,24500.0,20.0,2026-06,Q2,2026
492,2026-03-01,C004,Prime Estates,Real Estate,PVC Pipe 1in,Plumbing,6,3200,4365.0,26190.0,19200,6990.0,26.69,2026-03,Q1,2026
493,2026-03-16,C010,Community Project,Institution,Sharp Sand,Aggregates,11,180000,218250.0,2400750.0,1980000,420750.0,17.53,2026-03,Q1,2026
494,2026-06-03,C004,Prime Estates,Real Estate,Concrete Blocks 6in,Blocks,30,550,712.5,21375.0,16500,4875.0,22.81,2026-06,Q2,2026
495,2026-05-14,C007,Greenfield Homes,Real Estate,Sharp Sand,Aggregates,40,180000,225000.0,9000000.0,7200000,1800000.0,20.0,2026-05,Q2,2026
496,2026-05-23,C003,Home Builder,Individual,PVC Pipe 2in,Plumbing,14,5900,7566.0,105924.0,82600,23324.0,22.02,2026-05,Q2,2026
497,2026-05-07,C006,Ifeanyi & Sons,Retail,Cement 50kg,Cement,13,9800,12125.0,157625.0,127400,30225.0,19.18,2026-05,Q2,2026
498,2026-03-23,C007,Greenfield Homes,Real Estate,Concrete Blocks 9in,Blocks,20,700,931.0,18620.0,14000,4620.0,24.81,2026-03,Q1,2026
499,2026-02-17,C008,Walk-in Customer,Individual,PVC Pipe 1in,Plumbing,8,3200,4500.0,36000.0,25600,10400.0,28.89,2026-02,Q1,2026
500,2026-03-18,C008,Walk-in Customer,Individual,Iron Rod 16mm,Steel,2,11500,14356.0,28712.0,23000,5712.0,19.89,2026-03,Q1,2026
